text,sentiment
I absolutely loved this product and will buy it again,positive
The service was terrible and I want a refund,negative
The package arrived yesterday as expected,neutral
This is the best experience I have had in months,positive
I am disappointed with the quality and support,negative
The meeting is scheduled for 3 PM tomorrow,neutral
Amazing quality and very fast delivery,positive
The app crashes every time I open it,negative
I read the manual and set everything up,neutral
Fantastic work by the whole team,positive
This was a waste of money,negative
The weather is mild today,neutral
I am very happy with the final results,positive
Customer support never replied to my emails,negative
The file has been uploaded to the server,neutral
Brilliant design and easy to use,positive
The food was cold and tasted bad,negative
I finished the report and sent it,neutral
Great value for the price,positive
The response time is too slow and frustrating,negative
Today we discussed the quarterly budget,neutral
I highly recommend this to everyone,positive
The product stopped working after one day,negative
The document contains three sections,neutral
Superb performance and excellent reliability,positive
I regret purchasing this item,negative
The class starts at 9 AM on Monday,neutral
Really impressed with the updates,positive
This update introduced many bugs,negative
The train arrived on platform 4,neutral
